Workbook

Sheet 1
A1: 46267 | F1: -МТТ | V1: Т А С Д И Қ Л А Й М А Н
F2: Т А О М Н О М А | V2: __________Р.Ярманов
A3: Тарбияланувчилар сони | V3: Аутсорсер "Muxsin Fayz" МЧЖ директори
A5: Овкатнинг номланиши | D5: Бир нафар тарбияланувчи учун овқат ҳажми | F5: Нон | G5: Чой | H5: Мол гушти | I5: Товук гушти | J5: Усимлик ёги | K5: Шакар | L5: Гуруч | M5: Картошка | N5: Сабзи | O5: Пиёз | P5: Туз | Q5: Сариёг | R5: Бодринг | S5: Помидор | T5: Тухум | U5: Катик | V5: Сут | W5: Сут кадок. 3,2% | X5: Пишлок | Y5: Тварог | Z5: Томат пастаси | AA5: Банан | AB5: Олма | AC5: Балгар | AD5: Вермешел | AE5: Горох | AF5: Овсянка | AG5: Гречка | AH5: Перловка | AI5: Саримсок | AJ5: Сметана | AK5: Павидло | AL5: Асал | AM5: Пшеничная крупа | AN5: Пшено | AO5: Мош | AP5: Нохат | AQ5: Майиз | AR5: Балик | AS5: Дрож | AT5: Зелень | AU5: Какао | AV5: Карам | AW5: Манка | AX5: Сухари | AY5: Уксус | AZ5: УН | BA5: Лимон | BB5: Фасол кизил ловлвги | BC5: Фасол ок ловлвги | BD5: Туруп | BE5: Кизилча | BF5: Курук мева урик | BG5: Куйилтирилган сут | BH5: Картошка крахмали | BI5: Лапша | BJ5: Макарон | BK5: Ячневая крупа | BL5: Наматак | BM5: Муроббо | BN5: Олхури | BO5: Разихител | BP5: Канд упаси | BQ5: Ванилин | BR5: Зираворлар | BS5: Ошковок | BT5: Курутилган олма | BU5: Ёнгок | BV5: Курутилган нок | BW5: Ковокча | BX5: Кронсерваланган яшил нохот | BY5: Бехи | BZ5: Товук феле | CA5: Консерваланган бодиринг | CB5: Редиска | CC5: Курутилган баргак | CD5: Нок | CE5: Шпинат | CF5: Қизил пиёз | CG5: Мюсли пробиотикли | CH5: Кашнич дони | CP5: Жами
A6: Нонушта | B6: Ширқовоқ (ошқовоқли гуруч бўтқаси) | D6: 150 | K6: 3 | L6: 17 | P6: 0.75 | Q6: 1.6 | W6: 75 | BS6: 35 | CP6: =SUM(F6:CO6) -> 132.35
B7: Сутли какао | D7: 150 | K7: 7 | W7: 75 | AU7: 2 | CP7: =SUM(F7:CO7) -> 84
B8: Сариёгли бутерброд | D8: 50 | F8: 40 | Q8: 10 | CP8: =SUM(F8:CO8) -> 50
CP9: =SUM(F9:CO9) -> 0
A10: Тушлик | B10: Қайнатма шўрва | D10: 150/12 | H10: 34 | M10: 37.5 | N10: 16.3 | O10: 17.9 | P10: 0.5 | Z10: 1.5 | AI10: 1.1 | AT10: 1.8 | CP10: =SUM(F10:CO10) -> 110.6
B11: Димланган мол гўштидан бефстроган | D11: 60 | H11: 64.2 | J11: 3.5 | O11: 17.4 | P11: 1 | Z11: 1 | AZ11: 1 | CP11: =SUM(F11:CO11) -> 88.1
B12: Гарнир қайнатилган гречка ёрмаси | D12: 100 | P12: 1 | Q12: 3.7 | AG12: 30 | CP12: =SUM(F12:CO12) -> 34.7
B13: Шакароб салати | D13: 45 | J13: 1 | P13: 0.3 | R13: 28.1 | S13: 25.9 | CP13: =SUM(F13:CO13) -> 55.3
B14: Мавсумий мевалардан компот | D14: 150 | K14: 8 | AB14: 42.9 | CP14: =SUM(F14:CO14) -> 50.9
B15: Буғдой нони | D15: 60 | F15: 60 | CP15: =SUM(F15:CO15) -> 60
CP16: =SUM(F16:CO16) -> 0
CP17: =SUM(F17:CO17) -> 0
A18: Иккинчи тушлик | B18: Плюшка булочка | C18: Хамир учун | D18: 60 | J18: 1 | K18: 7.8 | P18: 0.8 | Q18: 2.6 | T18: 6.1 | W18: 15.6 | AS18: 1.04 | AZ18: 30.8 | CP18: =SUM(F18:CO18) -> 65.74
C19: Суртиш учун | T19: 2.3 | CP19: =SUM(F19:CO19) -> 2.3
C20: Сепиш учун | K20: 2 | CP20: =SUM(F20:CO20) -> 2
B21: Кефир | D21: 150 | U21: 150 | CP21: =SUM(F21:CO21) -> 150
CP22: =SUM(F22:CO22) -> 0
CP23: =SUM(F23:CO23) -> 0
CP24: =SUM(F24:CO24) -> 0
CP25: =SUM(F25:CO25) -> 0
A26: 1 та бола учун кунлик жами | F26: =SUM(F6:F21) -> 100 | G26: =SUM(G6:G21) -> 0 | H26: =SUM(H6:H21) -> 98.2 | I26: =SUM(I6:I21) -> 0 | J26: =SUM(J6:J21) -> 5.5 | K26: =SUM(K6:K21) -> 27.8 | L26: =SUM(L6:L21) -> 17 | M26: =SUM(M6:M21) -> 37.5 | ... CO26: =SUM(CO6:CO21) -> 0
A30: жами махсулот сарфи | F30: =+F26*$A$4/1000 -> 0 | G30: =+G26*$A$4/1000 -> 0 | H30: =+H26*$A$4/1000 -> 0 | I30: =+I26*$A$4/1000 -> 0 | J30: =+J26*$A$4/1000 -> 0 | K30: =+K26*$A$4/1000 -> 0 | L30: =+L26*$A$4/1000 -> 0 | M30: =+M26*$A$4/1000 -> 0 | ... S30: =+S26*$A$4/1000 -> 0 | T30: =+T26*$A$4/55 -> 0 | U30: =+U26*$A$4/1000 -> 0 | V30: =+V26*$A$4/1000 -> 0 | W30: =+W26*$A$4/1000 -> 0 | X30: =+X26*$A$4/1000 -> 0 | Y30: =+Y26*$A$4/1000 -> 0 | Z30: =+Z26*$A$4/1000 -> 0 | AA30: =+AA26*$A$4/1000 -> 0 | AB30: =+AB26*$A$4/1000 -> 0 | ... CA30: =+CA26*$A$4/1000 -> 0 | CB30: =+CB26*$A$4/110 -> 0 | CC30: =+CC26*$A$4/1000 -> 0 | CD30: =+CD26*$A$4/1000 -> 0 | CE30: =+CE26*$A$4/1000 -> 0 | CF30: =+CF26*$A$4/1000 -> 0 | CG30: =+CG26*$A$4/1000 -> 0 | CH30: =+CH26*$A$4/1000 -> 0 | CI30: =+CI26*$A$4/1000 -> 0 | CJ30: =+CJ26*$A$4/1000 -> 0 | ... CO30: =+CO26*$A$4/1000 -> 0
F32: Технолог__________ | AF32: Бош ошпаз ___________

Sheet 2
A1: 46268 | F1: ='1'!F1:U1 -> -МТТ | V1: Т А С Д И Қ Л А Й М А Н
F2: Т А О М Н О М А | V2: __________Р.Ярманов
A3: Тарбияланувчилар сони | V3: Аутсорсер "Muxsin Fayz" МЧЖ директори
A5: Овкатнинг номланиши | D5: Бир нафар тарбияланувчи учун овқат ҳажми | F5: Нон | G5: Чой | H5: Мол гушти | I5: Товук гушти | J5: Усимлик ёги | K5: Шакар | L5: Гуруч | M5: Картошка | N5: Сабзи | O5: Пиёз | P5: Туз | Q5: Сариёг | R5: Бодринг | S5: Помидор | T5: Тухум | U5: Катик | V5: Сут | W5: Сут кадок. 3,2% | X5: Пишлок | Y5: Тварог | Z5: Томат пастаси | AA5: Банан | AB5: Олма | AC5: Балгар | AD5: Вермешел | AE5: Горох | AF5: Овсянка | AG5: Гречка | AH5: Перловка | AI5: Саримсок | AJ5: Сметана | AK5: Павидло | AL5: Асал | AM5: Пшеничная крупа | AN5: Пшено | AO5: Мош | AP5: Нохат | AQ5: Майиз | AR5: Балик | AS5: Дрож | AT5: Зелень | AU5: Какао | AV5: Карам | AW5: Манка | AX5: Сухари | AY5: Уксус | AZ5: УН | BA5: Лимон | BB5: Фасол кизил ловлвги | BC5: Фасол ок ловлвги | BD5: Туруп | BE5: Кизилча | BF5: Курук мева урик | BG5: Куйилтирилган сут | BH5: Картошка крахмали | BI5: Лапша | BJ5: Макарон | BK5: Ячневая крупа | BL5: Наматак | BM5: Муроббо | BN5: Олхури | BO5: Разихител | BP5: Канд упаси | BQ5: Ванилин | BR5: Зираворлар | BS5: Ошковаок | BT5: Курутилган олма | BU5: Ёнгок | BV5: Курутилган нок | BW5: Ковокча | BX5: Кронсерваланган яшил нохот | BY5: Бехи | BZ5: Товук феле | CA5: Консерваланган бодиринг | CB5: Редиска | CC5: Курутилган баргак | CD5: Нок | CE5: Шпинат | CF5: Қизил пиёз | CG5: Мюсли пробиотикли | CO5: Жами
A6: Нонушта | B6: Манний ёрмасидан бўтка | D6: 130 | K6: 3.9 | P6: 0.6 | Q6: 3.9 | W6: 130 | AW6: 16 | CO6: =SUM(F6:CN6) -> 154.4
B7: Пишлоқли омлет | D7: 65 | J7: 1 | P7: 0.2 | Q7: 5 | T7: 58 | W7: 12 | X7: 8 | CO7: =SUM(F7:CN7) -> 84.2
B8: Сутли чой | D8: 150 | G8: 0.2 | K8: 6 | W8: 100 | CO8: =SUM(F8:CN8) -> 106.2
B9: Буғдой нони | D9: 40 | F9: 40 | CO9: =SUM(F9:CN9) -> 40
A10: Тушлик | B10: Мастава (Суп рисовый) | D10: 150/12 | H10: 27.2 | J10: 3.6 | L10: 15 | M10: 18.8 | N10: 7.5 | O10: 5.7 | P10: 0.3 | Z10: 1.2 | AC10: 4 | AI10: 0.33 | AJ10: 5 | AT10: 1.8 | CO10: =SUM(F10:CN10) -> 90.43
B11: Сабзавот қўшилган гўштли рагу | D11: 180 | H11: 48.9 | J11: 6 | M11: 60 | N11: 30 | O11: 28.6 | P11: 1 | Q11: 1 | S11: 14.1 | Z11: 2 | AC11: 32 | BW11: 24 | CO11: =SUM(F11:CN11) -> 247.6
B12: Карам ва бодирингли салат | D12: 45 | J12: 1 | K12: 1 | P12: 0.4 | R12: 12.5 | AV12: 40 | BA12: 1.7 | CO12: =SUM(F12:CN12) -> 56.6
B13: Чой | D13: 150 | G13: 0.2 | CO13: =SUM(F13:CN13) -> 0.2
B14: Буғдой нони | D14: 60 | F14: 60 | CO14: =SUM(F14:CN14) -> 60
CO15: =SUM(F15:CN15) -> 0
CO16: =SUM(F16:CN16) -> 0
CO17: =SUM(F17:CN17) -> 0
A18: Иккинчи тушлик | B18: Творогли ватрушка | D18: 60/25 | J18: 0.2 | K18: 7.8 | P18: 0.8 | Q18: 2.6 | T18: 9 | W18: 15.6 | Y18: 25 | AS18: 1 | AZ18: 33.8 | BO18: 0.7 | CO18: =SUM(F18:CN18) -> 96.5
B19: Мавсумий мева | D19: 150 | AB19: 185 | CO19: =SUM(F19:CN19) -> 185
B20: Асал чой | D20: 150 | G20: 0.2 | AL20: 11 | CO20: =SUM(F20:CN20) -> 11.2
CO21: =SUM(F21:CN21) -> 0
CO22: =SUM(F22:CN22) -> 0
CO23: =SUM(F23:CN23) -> 0
CO24: =SUM(F24:CN24) -> 0
CO25: =SUM(F25:CN25) -> 0
A26: 1 та бола учун кунлик жами | F26: =SUM(F6:F21) -> 100 | G26: =SUM(G6:G21) -> 0.6 | H26: =SUM(H6:H21) -> 76.1 | I26: =SUM(I6:I21) -> 0 | J26: =SUM(J6:J21) -> 11.8 | K26: =SUM(K6:K21) -> 18.7 | L26: =SUM(L6:L21) -> 15 | M26: =SUM(M6:M21) -> 78.8 | ... CN26: =SUM(CN6:CN21) -> 0
A30: жами махсулот сарфи | F30: =+F26*$A$4/1000 -> 0 | G30: =+G26*$A$4/1000 -> 0 | H30: =+H26*$A$4/1000 -> 0 | I30: =+I26*$A$4/1000 -> 0 | J30: =+J26*$A$4/1000 -> 0 | K30: =+K26*$A$4/1000 -> 0 | L30: =+L26*$A$4/1000 -> 0 | M30: =+M26*$A$4/1000 -> 0 | ... S30: =+S26*$A$4/1000 -> 0 | T30: =+T26*$A$4/55 -> 0 | U30: =+U26*$A$4/1000 -> 0 | V30: =+V26*$A$4/1000 -> 0 | W30: =+W26*$A$4/1000 -> 0 | X30: =+X26*$A$4/1000 -> 0 | Y30: =+Y26*$A$4/1000 -> 0 | Z30: =+Z26*$A$4/1000 -> 0 | AA30: =+AA26*$A$4/1000 -> 0 | AB30: =+AB26*$A$4/1000 -> 0 | ... CN30: =+CN26*$A$4/1000 -> 0
F32: Технолог__________ | AF32: Бош ошпаз ___________

Sheet 3
A1: 46269 | F1: ='1'!F1:U1 -> -МТТ | V1: Т А С Д И Қ Л А Й М А Н
F2: Т А О М Н О М А | V2: __________Р.Ярманов
A3: Тарбияланувчилар сони | V3: Аутсорсер "Muxsin Fayz" МЧЖ директори
A5: Овкатнинг номланиши | D5: Бир нафар тарбияланувчи учун овқат ҳажми | F5: Нон | G5: Чой | H5: Мол гушти | I5: Товук гушти | J5: Усимлик ёги | K5: Шакар | L5: Гуруч | M5: Картошка | N5: Сабзи | O5: Пиёз | P5: Туз | Q5: Сариёг | R5: Бодринг | S5: Помидор | T5: Тухум | U5: Катик | V5: Сут | W5: Сут кадок. 3,2% | X5: Пишлок | Y5: Тварог | Z5: Томат пастаси | AA5: Банан | AB5: Олма | AC5: Балгар | AD5: Вермешел | AE5: Горох | AF5: Овсянка | AG5: Гречка | AH5: Перловка | AI5: Саримсок | AJ5: Сметана | AK5: Павидло | AL5: Асал | AM5: Пшеничная крупа | AN5: Пшено | AO5: Мош | AP5: Нохат | AQ5: Майиз | AR5: Балик | AS5: Дрож | AT5: Зелень | AU5: Какао | AV5: Карам | AW5: Манка | AX5: Сухари | AY5: Уксус | AZ5: УН | BA5: Лимон | BB5: Фасол кизил ловлвги | BC5: Фасол ок ловлвги | BD5: Туруп | BE5: Кизилча | BF5: Курук мева урик | BG5: Куйилтирилган сут | BH5: Картошка крахмали | BI5: Лапша | BJ5: Макарон | BK5: Ячневая крупа | BL5: Наматак | BM5: Муроббо | BN5: Олхури | BO5: Разихител | BP5: Канд упаси | BQ5: Ванилин | BR5: Зираворлар | BS5: Ошковаок | BT5: Курутилган олма | BU5: Ёнгок | BV5: Курутилган нок | BW5: Ковокча | BX5: Кронсерваланган яшил нохот | BY5: Бехи | BZ5: Товук феле | CA5: Консерваланган бодиринг | CB5: Редиска | CC5: Курутилган баргак | CD5: Нок | CE5: Шпинат | CF5: Қизил пиёз | CO5: Жами
A6: Нонушта | B6: Сутли вермишелли суюқ ош | D6: 150 | K6: 4.5 | P6: 0.75 | Q6: 3 | W6: 64 | AD6: 10 | CO6: =SUM(F6:CN6) -> 82.25
B7: Сутли какао | D7: 150 | K7: 7 | W7: 75 | AU7: 2 | CO7: =SUM(F7:CN7) -> 84
B8: Сариёғли бутерброд | D8: 55 | F8: 40 | Q8: 15 | CO8: =SUM(F8:CN8) -> 55
CO9: =SUM(F9:CN9) -> 0
A10: Тушлик | B10: Гўшт қайнатмасида рассольник | D10: 150/15 | H10: 34 | J10: 2 | M10: 21.3 | N10: 7.5 | O10: 5.4 | P10: 0.5 | AH10: 6 | AJ10: 5 | AT10: 1.9 | CO10: =SUM(F10:CN10) -> 83.6
B11: Товуқ гўштидан гуляш | D11: 50 | I11: 50.9 | N11: 7.8 | O11: 6.8 | P11: 0.6 | Q11: 2.5 | Z11: 0.7 | AZ11: 1 | CO11: =SUM(F11:CN11) -> 70.3
B12: Гарнир димланган карам/картошка пюре | C12: Димланган карам учун | D12: 130(65/65) | J12: 1.5 | K12: 1 | N12: 8 | O12: 3.5 | Z12: 0.5 | AV12: 81.25 | CO12: =SUM(F12:CN12) -> 95.75
C13: Картошка пюре учун | M13: 92.5 | P13: 0.5 | Q13: 2.15 | W13: 10 | CO13: =SUM(F13:CN13) -> 105.15
B14: Шакароб салати | D14: 45 | J14: 1 | P14: 0.3 | R14: 28.1 | S14: 25.9 | CO14: =SUM(F14:CN14) -> 55.3
B15: Мавсумий мевалардан компот | D15: 150 | K15: 8 | AB15: 42.9 | CO15: =SUM(F15:CN15) -> 50.9
B16: Буғдой нони | D16: 60 | F16: 60 | CO16: =SUM(F16:CN16) -> 60
CO17: =SUM(F17:CN17) -> 0
A18: Иккинчи тушлик | B18: Балиқ гўштидан котлет | D18: 50 | F18: 9 | J18: 3 | P18: 1 | W18: 13 | AR18: 42 | CO18: =SUM(F18:CN18) -> 68
B19: Бугдой нони | D19: 40 | F19: 40 | CO19: =SUM(F19:CN19) -> 40
B20: Шакар чой | D20: 150 | G20: 0.2 | K20: 6 | CO20: =SUM(F20:CN20) -> 6.2
CO21: =SUM(F21:CN21) -> 0
CO22: =SUM(F22:CN22) -> 0
CO23: =SUM(F23:CN23) -> 0
CO24: =SUM(F24:CN24) -> 0
CO25: =SUM(F25:CN25) -> 0
A26: 1 та бола учун кунлик жами | F26: =SUM(F6:F21) -> 149 | G26: =SUM(G6:G21) -> 0.2 | H26: =SUM(H6:H21) -> 34 | I26: =SUM(I6:I21) -> 50.9 | J26: =SUM(J6:J21) -> 7.5 | K26: =SUM(K6:K21) -> 26.5 | L26: =SUM(L6:L21) -> 0 | M26: =SUM(M6:M21) -> 113.8 | ... CN26: =SUM(CN6:CN21) -> 0
A30: жами махсулот сарфи | F30: =+F26*$A$4/1000 -> 0 | G30: =+G26*$A$4/1000 -> 0 | H30: =+H26*$A$4/1000 -> 0 | I30: =+I26*$A$4/1000 -> 0 | J30: =+J26*$A$4/1000 -> 0 | K30: =+K26*$A$4/1000 -> 0 | L30: =+L26*$A$4/1000 -> 0 | M30: =+M26*$A$4/1000 -> 0 | ... S30: =+S26*$A$4/1000 -> 0 | T30: =+T26*$A$4/55 -> 0 | U30: =+U26*$A$4/1000 -> 0 | V30: =+V26*$A$4/1000 -> 0 | W30: =+W26*$A$4/1000 -> 0 | X30: =+X26*$A$4/1000 -> 0 | Y30: =+Y26*$A$4/1000 -> 0 | Z30: =+Z26*$A$4/1000 -> 0 | AA30: =+AA26*$A$4/1000 -> 0 | AB30: =+AB26*$A$4/1000 -> 0 | ... CN30: =+CN26*$A$4/1000 -> 0
F32: Технолог__________ | AF32: Бош ошпаз ___________

Sheet 4
A1: 46272 | F1: ='1'!F1:U1 -> -МТТ | V1: Т А С Д И Қ Л А Й М А Н
F2: Т А О М Н О М А | V2: __________Р.Ярманов
A3: Тарбияланувчилар сони | V3: Аутсорсер "Muxsin Fayz" МЧЖ директори
A5: Овкатнинг номланиши | D5: Бир нафар тарбияланувчи учун овқат ҳажми | F5: Нон | G5: Чой | H5: Мол гушти | I5: Товук гушти | J5: Усимлик ёги | K5: Шакар | L5: Гуруч | M5: Картошка | N5: Сабзи | O5: Пиёз | P5: Туз | Q5: Сариёг | R5: Бодринг | S5: Помидор | T5: Тухум | U5: Катик | V5: Сут | W5: Сут кадок. 3,2% | X5: Пишлок | Y5: Тварог | Z5: Томат пастаси | AA5: Банан | AB5: Олма | AC5: Балгар | AD5: Вермешел | AE5: Горох | AF5: Овсянка | AG5: Гречка | AH5: Перловка | AI5: Саримсок | AJ5: Сметана | AK5: Павидло | AL5: Асал | AM5: Пшеничная крупа | AN5: Пшено | AO5: Мош | AP5: Нохат | AQ5: Майиз | AR5: Балик | AS5: Дрож | AT5: Зелень | AU5: Какао | AV5: Карам | AW5: Манка | AX5: Сухари | AY5: Уксус | AZ5: УН | BA5: Лимон | BB5: Фасол кизил ловлвги | BC5: Фасол ок ловлвги | BD5: Туруп | BE5: Кизилча | BF5: Курук мева урик | BG5: Куйилтирилган сут | BH5: Картошка крахмали | BI5: Лапша | BJ5: Макарон | BK5: Ячневая крупа | BL5: Наматак | BM5: Муроббо | BN5: Олхури | BO5: Разихител | BP5: Канд упаси | BQ5: Ванилин | BR5: Зираворлар | BS5: Ошковаок | BT5: Курутилган олма | BU5: Ёнгок | BV5: Курутилган нок | BW5: Ковокча | BX5: Кронсерваланган яшил нохот | BY5: Бехи | BZ5: Товук феле | CA5: Консерваланган бодиринг | CB5: Редиска | CC5: Курутилган баргак | CD5: Нок | CE5: Шпинат | CF5: Қизил пиёз | CL5: Жами
A6: Нонушта | B6: Сули ёрмасидан бўтқа | D6: 150 | K6: 3.3 | P6: 0.75 | Q6: 1.8 | W6: 83 | AF6: 16.6 | CL6: =SUM(F6:CK6) -> 105.45
B7: Сутли какао | D7: 150 | K7: 7 | W7: 75 | AU7: 2 | CL7: =SUM(F7:CK7) -> 84
B8: Пишлоқли бутерброд | D8: 50 | F8: 30 | Q8: 5 | X8: 16 | CL8: =SUM(F8:CK8) -> 51
CL9: =SUM(F9:CK9) -> 0
A10: Тушлик | B10: Қовурма шўрва | D10: 150/15 | H10: 33 | J10: 3 | M10: 60 | N10: 21 | O10: 7.2 | P10: 0.5 | Z10: 1.8 | CL10: =SUM(F10:CK10) -> 126.5
B11: Байрам палови | D11: 180 | H11: 54.3 | J11: 10 | L11: 50 | N11: 62.5 | O11: 17.9 | P11: 0.5 | CL11: =SUM(F11:CK11) -> 195.2
B12: Аччик-чучук салати | D12: 45 | J12: 1 | O12: 11.9 | P12: 0.5 | S12: 39.4 | CL12: =SUM(F12:CK12) -> 52.8
B13: Мавсумий мевалардан компот | D13: 150 | K13: 8 | AB13: 43 | CL13: =SUM(F13:CK13) -> 51
B14: Буғдой нони | D14: 60 | F14: 60 | CL14: =SUM(F14:CK14) -> 60
CL15: =SUM(F15:CK15) -> 0
CL16: =SUM(F16:CK16) -> 0
CL17: =SUM(F17:CK17) -> 0
A18: Иккинчи тушлик | B18: Ошковок сомса | C18: Хамир учун | D18: 100 | K18: 8 | O18: 40 | P18: 1 | Q18: 3 | AZ18: 30 | BS18: 56 | CL18: =SUM(F18:CK18) -> 138
C19: Суртиш учун | Q19: 1 | T19: 1.2 | CL19: =SUM(F19:CK19) -> 2.2
B20: Чой | D20: 150 | G20: 0.2 | CL20: =SUM(F20:CK20) -> 0.2
CL21: =SUM(F21:CK21) -> 0
CL22: =SUM(F22:CK22) -> 0
CL23: =SUM(F23:CK23) -> 0
CL24: =SUM(F24:CK24) -> 0
CL25: =SUM(F25:CK25) -> 0
A26: 1 та бола учун кунлик жами | F26: =SUM(F6:F21) -> 90 | G26: =SUM(G6:G21) -> 0.2 | H26: =SUM(H6:H21) -> 87.3 | I26: =SUM(I6:I21) -> 0 | J26: =SUM(J6:J21) -> 14 | K26: =SUM(K6:K21) -> 26.3 | L26: =SUM(L6:L21) -> 50 | M26: =SUM(M6:M21) -> 60 | ... CK26: =SUM(CK6:CK21) -> 0
A30: жами махсулот сарфи | F30: =+F26*$A$4/1000 -> 0 | G30: =+G26*$A$4/1000 -> 0 | H30: =+H26*$A$4/1000 -> 0 | I30: =+I26*$A$4/1000 -> 0 | J30: =+J26*$A$4/1000 -> 0 | K30: =+K26*$A$4/1000 -> 0 | L30: =+L26*$A$4/1000 -> 0 | M30: =+M26*$A$4/1000 -> 0 | ... S30: =+S26*$A$4/1000 -> 0 | T30: =+T26*$A$4/55 -> 0 | U30: =+U26*$A$4/1000 -> 0 | V30: =+V26*$A$4/1000 -> 0 | W30: =+W26*$A$4/1000 -> 0 | X30: =+X26*$A$4/1000 -> 0 | Y30: =+Y26*$A$4/1000 -> 0 | Z30: =+Z26*$A$4/1000 -> 0 | AA30: =+AA26*$A$4/1000 -> 0 | AB30: =+AB26*$A$4/1000 -> 0 | ... CK30: =+CK26*$A$4/1000 -> 0
F32: Технолог__________ | AF32: Бош ошпаз ___________

Sheet 5
A1: 46273 | F1: ='1'!F1:U1 -> -МТТ | V1: Т А С Д И Қ Л А Й М А Н
F2: Т А О М Н О М А | V2: __________Р.Ярманов
A3: Тарбияланувчилар сони | V3: Аутсорсер "Muxsin Fayz" МЧЖ директори
A5: Овкатнинг номланиши | D5: Бир нафар тарбияланувчи учун овқат ҳажми | F5: Нон | G5: Чой | H5: Мол гушти | I5: Товук гушти | J5: Усимлик ёги | K5: Шакар | L5: Гуруч | M5: Картошка | N5: Сабзи | O5: Пиёз | P5: Туз | Q5: Сариёг | R5: Бодринг | S5: Помидор | T5: Тухум | U5: Катик | V5: Сут | W5: Сут кадок. 3,2% | X5: Пишлок | Y5: Тварог | Z5: Томат пастаси | AA5: Банан | AB5: Олма | AC5: Балгар | AD5: Вермешел | AE5: Горох | AF5: Овсянка | AG5: Гречка | AH5: Перловка | AI5: Саримсок | AJ5: Сметана | AK5: Павидло | AL5: Асал | AM5: Пшеничная крупа | AN5: Пшено | AO5: Мош | AP5: Нохат | AQ5: Майиз | AR5: Балик | AS5: Дрож | AT5: Зелень | AU5: Какао | AV5: Карам | AW5: Манка | AX5: Сухари | AY5: Уксус | AZ5: УН | BA5: Лимон | BB5: Фасол кизил ловлвги | BC5: Фасол ок ловлвги | BD5: Туруп | BE5: Кизилча | BF5: Курук мева урик | BG5: Куйилтирилган сут | BH5: Картошка крахмали | BI5: Лапша | BJ5: Макарон | BK5: Ячневая крупа | BL5: Наматак | BM5: Муроббо | BN5: Олхури | BO5: Разихител | BP5: Канд упаси | BQ5: Ванилин | BR5: Зираворлар | BS5: Ошковаок | BT5: Курутилган олма | BU5: Ёнгок | BV5: Курутилган нок | BW5: Ковокча | BX5: Кронсерваланган яшил нохот | BY5: Бехи | BZ5: Товук феле | CA5: Консерваланган бодиринг | CB5: Редиска | CC5: Курутилган баргак | CD5: Нок | CE5: Шпинат | CF5: Қизил пиёз | CL5: Жами
A6: Нонушта | B6: Гречка ёрмасидан бўтқа | D6: 150 | K6: 3 | P6: 0.9 | Q6: 2 | W6: 60 | AG6: 22.5 | CL6: =SUM(F6:CK6) -> 88.4
B7: Сутли чой | D7: 150 | G7: 0.2 | K7: 6 | W7: 100 | CL7: =SUM(F7:CK7) -> 106.2
B8: Сариёгли бутерброд | D8: 50 | F8: 40 | Q8: 10 | CL8: =SUM(F8:CK8) -> 50
CL9: =SUM(F9:CK9) -> 0
A10: Тушлик | B10: Карам шўрва | D10: 150/15 | H10: 23.1 | J10: 3 | M10: 21.3 | N10: 7.5 | O10: 6 | P10: 0.5 | S10: 7.1 | Z10: 1.2 | AT10: 1.8 | AV10: 21.3 | CL10: =SUM(F10:CK10) -> 92.8
B11: Макарон жаркоп | D11: 180 | H11: 54.3 | J11: 8 | M11: 25 | N11: 25 | O11: 17.9 | P11: 1 | Z11: 2 | BJ11: 40 | CL11: =SUM(F11:CK11) -> 173.2
B12: «Витамин» салати | D12: 45 | J12: 1 | K12: 0.5 | N12: 8.8 | R12: 15.3 | S12: 14.1 | AB12: 17 | BA12: 1.7 | CL12: =SUM(F12:CK12) -> 58.4
B13: Қуруқ мевалардан компот | D13: 150 | K13: 8 | AQ13: 3.8 | BT13: 3.8 | BV13: 3.8 | CC13: 3.8 | CL13: =SUM(F13:CK13) -> 23.2
B14: Буғдой нони | D14: 60 | F14: 60 | CL14: =SUM(F14:CK14) -> 60
CL15: =SUM(F15:CK15) -> 0
CL16: =SUM(F16:CK16) -> 0
CL17: =SUM(F17:CK17) -> 0
A18: Иккинчи тушлик | B18: Шоколадли кекс | D18: 60 | K18: 10 | Q18: 15.5 | T18: 19.8 | AU18: 2.3 | AZ18: 17 | BO18: 1.2 | BP18: 0.6 | BQ18: 0.2 | CL18: =SUM(F18:CK18) -> 66.6
B19: Кефир | D19: 150 | U19: 150 | CL19: =SUM(F19:CK19) -> 150
CL20: =SUM(F20:CK20) -> 0
CL21: =SUM(F21:CK21) -> 0
CL22: =SUM(F22:CK22) -> 0
CL23: =SUM(F23:CK23) -> 0
CL24: =SUM(F24:CK24) -> 0
CL25: =SUM(F25:CK25) -> 0
A26: 1 та бола учун кунлик жами | F26: =SUM(F6:F21) -> 100 | G26: =SUM(G6:G21) -> 0.2 | H26: =SUM(H6:H21) -> 77.4 | I26: =SUM(I6:I21) -> 0 | J26: =SUM(J6:J21) -> 12 | K26: =SUM(K6:K21) -> 27.5 | L26: =SUM(L6:L21) -> 0 | M26: =SUM(M6:M21) -> 46.3 | ... CK26: =SUM(CK6:CK21) -> 0
A30: жами махсулот сарфи | F30: =+F26*$A$4/1000 -> 0 | G30: =+G26*$A$4/1000 -> 0 | H30: =+H26*$A$4/1000 -> 0 | I30: =+I26*$A$4/1000 -> 0 | J30: =+J26*$A$4/1000 -> 0 | K30: =+K26*$A$4/1000 -> 0 | L30: =+L26*$A$4/1000 -> 0 | M30: =+M26*$A$4/1000 -> 0 | ... S30: =+S26*$A$4/1000 -> 0 | T30: =+T26*$A$4/55 -> 0 | U30: =+U26*$A$4/1000 -> 0 | V30: =+V26*$A$4/1000 -> 0 | W30: =+W26*$A$4/1000 -> 0 | X30: =+X26*$A$4/1000 -> 0 | Y30: =+Y26*$A$4/1000 -> 0 | Z30: =+Z26*$A$4/1000 -> 0 | AA30: =+AA26*$A$4/1000 -> 0 | AB30: =+AB26*$A$4/1000 -> 0 | ... CK30: =+CK26*$A$4/1000 -> 0
F32: Технолог__________ | AF32: Бош ошпаз ___________

Sheet 6
A1: 46274 | F1: ='1'!F1:U1 -> -МТТ | V1: Т А С Д И Қ Л А Й М А Н
F2: Т А О М Н О М А | V2: __________Р.Ярманов
A3: Тарбияланувчилар сони | V3: Аутсорсер "Muxsin Fayz" МЧЖ директори
A5: Овкатнинг номланиши | D5: Бир нафар тарбияланувчи учун овқат ҳажми | F5: Нон | G5: Чой | H5: Мол гушти | I5: Товук гушти | J5: Усимлик ёги | K5: Шакар | L5: Гуруч | M5: Картошка | N5: Сабзи | O5: Пиёз | P5: Туз | Q5: Сариёг | R5: Бодринг | S5: Помидор | T5: Тухум | U5: Катик | V5: Сут | W5: Сут кадок. 3,2% | X5: Пишлок | Y5: Тварог | Z5: Томат пастаси | AA5: Банан | AB5: Олма | AC5: Балгар | AD5: Вермешел | AE5: Горох | AF5: Овсянка | AG5: Гречка | AH5: Перловка | AI5: Саримсок | AJ5: Сметана | AK5: Павидло | AL5: Асал | AM5: Пшеничная крупа | AN5: Пшено | AO5: Мош | AP5: Нохат | AQ5: Майиз | AR5: Балик | AS5: Дрож | AT5: Зелень | AU5: Какао | AV5: Карам | AW5: Манка | AX5: Сухари | AY5: Уксус | AZ5: УН | BA5: Лимон | BB5: Фасол кизил ловлвги | BC5: Фасол ок ловлвги | BD5: Туруп | BE5: Кизилча | BF5: Курук мева урик | BG5: Куйилтирилган сут | BH5: Картошка крахмали | BI5: Лапша | BJ5: Макарон | BK5: Ячневая крупа | BL5: Наматак | BM5: Муроббо | BN5: Олхури | BO5: Разихител | BP5: Канд упаси | BQ5: Ванилин | BR5: Зираворлар | BS5: Ошковаок | BT5: Курутилган олма | BU5: Ёнгок | BV5: Курутилган нок | BW5: Ковокча | BX5: Кронсерваланган яшил нохот | BY5: Бехи | BZ5: Товук феле | CA5: Консерваланган бодиринг | CB5: Редиска | CC5: Курутилган баргак | CD5: Нок | CE5: Шпинат | CF5: Қизил пиёз | CG5: Мюсли пробиотикли | CH5: Кашнич дони | CL5: Жами
A6: Нонушта | B6: Гуручли- бўтқа | D6: 150 | K6: 5 | L6: 25 | P6: 0.75 | Q6: 3 | W6: 56 | CL6: =SUM(F6:CK6) -> 89.75
B7: Сутли какао | D7: 150 | K7: 7 | W7: 75 | AU7: 2 | CL7: =SUM(F7:CK7) -> 84
B8: Пишлокли бутерброд | D8: 50 | F8: 30 | Q8: 5 | X8: 16 | CL8: =SUM(F8:CK8) -> 51
CL9: =SUM(F9:CK9) -> 0
A10: Тушлик | B10: Юмалоқ қиймали (фрикадельки) вермешель шўрва | D10: 150/15 | M10: 18.8 | N10: 10 | O10: 9.5 | P10: 0.5 | Q10: 3 | AC10: 8 | AD10: 10 | CL10: =SUM(F10:CK10) -> 59.8
C11: Қийма учун | O11: 3 | P11: 0.2 | T11: 2.3 | AJ11: 5 | AT11: 1.8 | BZ11: 18 | CL11: =SUM(F11:CK11) -> 30.3
B12: Товуқ гўштидан қўлбола картошка димлама | D12: 180 | J12: 4 | M12: 125 | O12: 17.9 | P12: 0.6 | BZ12: 60 | CL12: =SUM(F12:CK12) -> 207.5
B13: Бодиринг(порцияли) | D13: 45 | P13: 0.2 | R13: 47.4 | CL13: =SUM(F13:CK13) -> 47.6
B14: Наъматак компоти | D14: 150 | K14: 8 | BL14: 15 | CL14: =SUM(F14:CK14) -> 23
B15: Буғдой нони | D15: 60 | F15: 60 | CL15: =SUM(F15:CK15) -> 60
CL16: =SUM(F16:CK16) -> 0
CL17: =SUM(F17:CK17) -> 0
A18: Иккинчи тушлик | B18: Творогли суфле | D18: 100 | K18: 8.2 | Q18: 1 | T18: 28.7 | W18: 25.7 | Y18: 82.2 | AQ18: 8.2 | AW18: 4.1 | AZ18: 10.3 | BH18: 5.1 | BO18: 1 | BQ18: 0.1 | CL18: =SUM(F18:CK18) -> 174.6
B19: Мавсумий мева | D19: 150 | AB19: 185 | CL19: =SUM(F19:CK19) -> 185
CL20: =SUM(F20:CK20) -> 0
B21: Асал чой | D21: 150 | G21: 0.2 | AL21: 11 | CL21: =SUM(F21:CK21) -> 11.2
CL22: =SUM(F22:CK22) -> 0
CL23: =SUM(F23:CK23) -> 0
CL24: =SUM(F24:CK24) -> 0
CL25: =SUM(F25:CK25) -> 0
A26: 1 та бола учун кунлик жами | F26: =SUM(F6:F21) -> 90 | G26: =SUM(G6:G21) -> 0.2 | H26: =SUM(H6:H21) -> 0 | I26: =SUM(I6:I21) -> 0 | J26: =SUM(J6:J21) -> 4 | K26: =SUM(K6:K21) -> 28.2 | L26: =SUM(L6:L21) -> 25 | M26: =SUM(M6:M21) -> 143.8 | ... CK26: =SUM(CK6:CK21) -> 0
A30: жами махсулот сарфи | F30: =+F26*$A$4/1000 -> 0 | G30: =+G26*$A$4/1000 -> 0 | H30: =+H26*$A$4/1000 -> 0 | I30: =+I26*$A$4/1000 -> 0 | J30: =+J26*$A$4/1000 -> 0 | K30: =+K26*$A$4/1000 -> 0 | L30: =+L26*$A$4/1000 -> 0 | M30: =+M26*$A$4/1000 -> 0 | ... S30: =+S26*$A$4/1000 -> 0 | T30: =+T26*$A$4/55 -> 0 | U30: =+U26*$A$4/1000 -> 0 | V30: =+V26*$A$4/1000 -> 0 | W30: =+W26*$A$4/1000 -> 0 | X30: =+X26*$A$4/1000 -> 0 | Y30: =+Y26*$A$4/1000 -> 0 | Z30: =+Z26*$A$4/1000 -> 0 | AA30: =+AA26*$A$4/1000 -> 0 | AB30: =+AB26*$A$4/1000 -> 0 | ... CK30: =+CK26*$A$4/1000 -> 0
F32: Технолог__________ | AF32: Бош ошпаз ___________

Sheet 7
A1: 46304 | F1: ='1'!F1:U1 -> -МТТ | V1: Т А С Д И Қ Л А Й М А Н
F2: Т А О М Н О М А | V2: __________Р.Ярманов
A3: Тарбияланувчилар сони | V3: Аутсорсер "Muxsin Fayz" МЧЖ директори
A5: Овкатнинг номланиши | D5: Бир нафар тарбияланувчи учун овқат ҳажми | F5: Нон | G5: Чой | H5: Мол гушти | I5: Товук гушти | J5: Усимлик ёги | K5: Шакар | L5: Гуруч | M5: Картошка | N5: Сабзи | O5: Пиёз | P5: Туз | Q5: Сариёг | R5: Бодринг | S5: Помидор | T5: Тухум | U5: Катик | V5: Сут | W5: Сут кадок. 3,2% | X5: Пишлок | Y5: Тварог | Z5: Томат пастаси | AA5: Банан | AB5: Олма | AC5: Балгар | AD5: Вермешел | AE5: Горох | AF5: Овсянка | AG5: Гречка | AH5: Перловка | AI5: Саримсок | AJ5: Сметана | AK5: Павидло | AL5: Асал | AM5: Пшеничная крупа | AN5: Пшено | AO5: Мош | AP5: Нохат | AQ5: Майиз | AR5: Балик | AS5: Дрож | AT5: Зелень | AU5: Какао | AV5: Карам | AW5: Манка | AX5: Сухари | AY5: Уксус | AZ5: УН | BA5: Лимон | BB5: Фасол кизил ловлвги | BC5: Фасол ок ловлвги | BD5: Туруп | BE5: Кизилча | BF5: Курук мева урик | BG5: Куйилтирилган сут | BH5: Картошка крахмали | BI5: Лапша | BJ5: Макарон | BK5: Ячневая крупа | BL5: Наматак | BM5: Муроббо | BN5: Олхури | BO5: Разихител | BP5: Канд упаси | BQ5: Ванилин | BR5: Зираворлар | BS5: Ошковаок | BT5: Курутилган олма | BU5: Ёнгок | BV5: Курутилган нок | BW5: Ковокча | BX5: Кронсерваланган яшил нохот | BY5: Бехи | BZ5: Товук феле | CA5: Консерваланган бодиринг | CB5: Редиска | CC5: Курутилган баргак | CD5: Нок | CE5: Шпинат | CF5: Қизил пиёз | CG5: Мюсли пробиотикли | CH5: Кашнич дони | CL5: Жами
A6: Нонушта | B6: Тариқ бўтқаси | D6: 130 | K6: 2.5 | P6: 0.6 | Q6: 3 | W6: 52 | AN6: 17.3 | CL6: =SUM(F6:CK6) -> 75.4
B7: Классик омлет | D7: 50 | P7: 0.75 | Q7: 5 | T7: 55 | W7: 11 | CL7: =SUM(F7:CK7) -> 71.75
B8: Чой | D8: 150 | G8: 0.2 | CL8: =SUM(F8:CK8) -> 0.2
B9: Буғдой нони | D9: 40 | F9: 40 | CL9: =SUM(F9:CK9) -> 40
A10: Тушлик | B10: Борш | D10: 150/12 | H10: 27.2 | J10: 3 | K10: 1 | M10: 35 | N10: 10 | O10: 9.5 | P10: 0.5 | Z10: 2.3 | AI10: 0.33 | AJ10: 3 | AT10: 1.8 | AV10: 25 | BA10: 0.5 | BE10: 25 | CL10: =SUM(F10:CK10) -> 144.13
B11: Шавла | D11: 180 | H11: 54.3 | J11: 10 | L11: 41 | N11: 29 | O11: 12 | P11: 1 | Z11: 4 | CL11: =SUM(F11:CK11) -> 151.3
B12: Шакароб салати | D12: 45 | J12: 1 | P12: 0.3 | R12: 28.1 | S12: 25.9 | CL12: =SUM(F12:CK12) -> 55.3
B13: Мавсумий мевалардан компот | D13: 150 | K13: 8 | AB13: 42.9 | CL13: =SUM(F13:CK13) -> 50.9
B14: Буғдой нони | D14: 60 | F14: 60 | CL14: =SUM(F14:CK14) -> 60
CL15: =SUM(F15:CK15) -> 0
CL16: =SUM(F16:CK16) -> 0
CL17: =SUM(F17:CK17) -> 0
A18: Иккинчи тушлик | B18: Майизли кекс | D18: 60 | K18: 16.2 | P18: 0.4 | Q18: 10.8 | T18: 7.6 | AQ18: 6.5 | AZ18: 21.6 | BO18: 1.2 | BP18: 1.5 | BQ18: 0.02 | CL18: =SUM(F18:CK18) -> 65.82
B19: Кефир | D19: 150 | U19: 150 | CL19: =SUM(F19:CK19) -> 150
CL20: =SUM(F20:CK20) -> 0
CL21: =SUM(F21:CK21) -> 0
CL22: =SUM(F22:CK22) -> 0
CL23: =SUM(F23:CK23) -> 0
CL24: =SUM(F24:CK24) -> 0
CL25: =SUM(F25:CK25) -> 0
A26: 1 та бола учун кунлик жами | F26: =SUM(F6:F21) -> 100 | G26: =SUM(G6:G21) -> 0.2 | H26: =SUM(H6:H21) -> 81.5 | I26: =SUM(I6:I21) -> 0 | J26: =SUM(J6:J21) -> 14 | K26: =SUM(K6:K21) -> 27.7 | L26: =SUM(L6:L21) -> 41 | M26: =SUM(M6:M21) -> 35 | ... CK26: =SUM(CK6:CK21) -> 0
A30: жами махсулот сарфи | F30: =+F26*$A$4/1000 -> 0 | G30: =+G26*$A$4/1000 -> 0 | H30: =+H26*$A$4/1000 -> 0 | I30: =+I26*$A$4/1000 -> 0 | J30: =+J26*$A$4/1000 -> 0 | K30: =+K26*$A$4/1000 -> 0 | L30: =+L26*$A$4/1000 -> 0 | M30: =+M26*$A$4/1000 -> 0 | ... S30: =+S26*$A$4/1000 -> 0 | T30: =+T26*$A$4/55 -> 0 | U30: =+U26*$A$4/1000 -> 0 | V30: =+V26*$A$4/1000 -> 0 | W30: =+W26*$A$4/1000 -> 0 | X30: =+X26*$A$4/1000 -> 0 | Y30: =+Y26*$A$4/1000 -> 0 | Z30: =+Z26*$A$4/1000 -> 0 | AA30: =+AA26*$A$4/1000 -> 0 | AB30: =+AB26*$A$4/1000 -> 0 | ... CK30: =+CK26*$A$4/1000 -> 0
F32: Технолог__________ | AF32: Бош ошпаз ___________

Sheet 8
A1: 46307 | F1: ='1'!F1:U1 -> -МТТ | V1: Т А С Д И Қ Л А Й М А Н
F2: Т А О М Н О М А | V2: __________Р.Ярманов
A3: Тарбияланувчилар сони | V3: Аутсорсер "Muxsin Fayz" МЧЖ директори
A5: Овкатнинг номланиши | D5: Бир нафар тарбияланувчи учун овқат ҳажми | F5: Нон | G5: Чой | H5: Мол гушти | I5: Товук гушти | J5: Усимлик ёги | K5: Шакар | L5: Гуруч | M5: Картошка | N5: Сабзи | O5: Пиёз | P5: Туз | Q5: Сариёг | R5: Бодринг | S5: Помидор | T5: Тухум | U5: Катик | V5: Сут | W5: Сут кадок. 3,2% | X5: Пишлок | Y5: Тварог | Z5: Томат пастаси | AA5: Банан | AB5: Олма | AC5: Балгар | AD5: Вермешел | AE5: Горох | AF5: Овсянка | AG5: Гречка | AH5: Перловка | AI5: Саримсок | AJ5: Сметана | AK5: Павидло | AL5: Асал | AM5: Пшеничная крупа | AN5: Пшено | AO5: Мош | AP5: Нохат | AQ5: Майиз | AR5: Балик | AS5: Дрож | AT5: Зелень | AU5: Какао | AV5: Карам | AW5: Манка | AX5: Сухари | AY5: Уксус | AZ5: УН | BA5: Лимон | BB5: Фасол кизил ловлвги | BC5: Фасол ок ловлвги | BD5: Туруп | BE5: Кизилча | BF5: Курук мева урик | BG5: Куйилтирилган сут | BH5: Картошка крахмали | BI5: Лапша | BJ5: Макарон | BK5: Ячневая крупа | BL5: Наматак | BM5: Муроббо | BN5: Олхури | BO5: Разихител | BP5: Канд упаси | BQ5: Ванилин | BR5: Зираворлар | BS5: Ошковаок | BT5: Курутилган олма | BU5: Ёнгок | BV5: Курутилган нок | BW5: Ковокча | BX5: Кронсерваланган яшил нохот | BY5: Бехи | BZ5: Товук феле | CA5: Консерваланган бодиринг | CB5: Редиска | CC5: Курутилган баргак | CD5: Нок | CE5: Шпинат | CF5: Қизил пиёз | CG5: Мюсли пробиотикли | CL5: Жами
A6: Нонушта | B6: Манний ёрмасидан бўтка | D6: 150 | K6: 5 | P6: 0.75 | Q6: 4.5 | W6: 150 | AW6: 18 | CL6: =SUM(F6:CK6) -> 178.25
B7: Асал чой | D7: 150 | G7: 0.2 | AL7: 11 | CL7: =SUM(F7:CK7) -> 11.2
B8: Пишлокли бутерброд | D8: 50 | F8: 30 | Q8: 5 | X8: 16 | CL8: =SUM(F8:CK8) -> 51
CL9: =SUM(F9:CK9) -> 0
A10: Тушлик | B10: Мампар | D10: 150/10 | H10: 23.1 | J10: 4 | O10: 8.3 | P10: 0.6 | S10: 8.2 | T10: 7 | AC10: 6.7 | AI10: 1.1 | AV10: 7.5 | AZ10: 15 | CL10: =SUM(F10:CK10) -> 81.5
B11: Гўштдан тайёрланган "Типратикан" тефтели | D11: 50 | F11: 7 | H11: 43.5 | L11: 5 | O11: 11.9 | P11: 1 | Q11: 4 | T11: 11.6 | CL11: =SUM(F11:CK11) -> 84
B12: Гарнир сарик майдаланган(горох) пюре | D12: 100 | P12: 1 | Q12: 1 | AE12: 50 | CL12: =SUM(F12:CK12) -> 52
B13: Карам ва бодирннгли салат | D13: 45 | J13: 1 | K13: 1 | P13: 0.4 | R13: 12.5 | AV13: 40 | BA13: 1.7 | CL13: =SUM(F13:CK13) -> 56.6
B14: Қурук мевалардан компот | D14: 150 | K14: 8 | AQ14: 3.8 | BT14: 3.8 | BV14: 3.8 | CC14: 3.8 | CL14: =SUM(F14:CK14) -> 23.2
B15: Буғдой нони | D15: 50 | F15: 50 | CL15: =SUM(F15:CK15) -> 50
CL16: =SUM(F16:CK16) -> 0
CL17: =SUM(F17:CK17) -> 0
A18: Иккинчи тушлик | B18: Олмали катламали пиширик | C18: Хамир учун | D18: 75 | K18: 7 | P18: 0.4 | Q18: 8 | T18: 7 | AS18: 1 | AZ18: 31 | CL18: =SUM(F18:CK18) -> 54.4
C19: Начинка учун | K19: 1.5 | Q19: 1.5 | AB19: 33.9 | BA19: 0.5 | CL19: =SUM(F19:CK19) -> 37.4
C20: Суртиш учун | T20: 0.9 | CL20: =SUM(F20:CK20) -> 0.9
B21: Мюсли | D21: 20 | CG21: 20 | CL21: =SUM(F21:CK21) -> 20
B22: Чой | D22: 150 | G22: 0.2 | CL22: =SUM(F22:CK22) -> 0.2
CL23: =SUM(F23:CK23) -> 0
CL24: =SUM(F24:CK24) -> 0
CL25: =SUM(F25:CK25) -> 0
CL26: =SUM(F26:CK26) -> 0
A27: 1 та бола учун кунлик жами | F27: =SUM(F6:F22) -> 87 | G27: =SUM(G6:G22) -> 0.4 | H27: =SUM(H6:H22) -> 66.6 | I27: =SUM(I6:I22) -> 0 | J27: =SUM(J6:J22) -> 5 | K27: =SUM(K6:K22) -> 22.5 | L27: =SUM(L6:L22) -> 5 | M27: =SUM(M6:M22) -> 0 | ... CK27: =SUM(CK6:CK22) -> 0
A30: жами махсулот сарфи | F30: =+F27*$A$4/1000 -> 0 | G30: =+G27*$A$4/1000 -> 0 | H30: =+H27*$A$4/1000 -> 0 | I30: =+I27*$A$4/1000 -> 0 | J30: =+J27*$A$4/1000 -> 0 | K30: =+K27*$A$4/1000 -> 0 | L30: =+L27*$A$4/1000 -> 0 | M30: =+M27*$A$4/1000 -> 0 | ... S30: =+S27*$A$4/1000 -> 0 | T30: =+T27*$A$4/55 -> 0 | U30: =+U27*$A$4/1000 -> 0 | V30: =+V27*$A$4/1000 -> 0 | W30: =+W27*$A$4/1000 -> 0 | X30: =+X27*$A$4/1000 -> 0 | Y30: =+Y27*$A$4/1000 -> 0 | Z30: =+Z27*$A$4/1000 -> 0 | AA30: =+AA27*$A$4/1000 -> 0 | AB30: =+AB27*$A$4/1000 -> 0 | ... CK30: =+CK27*$A$4/1000 -> 0
F32: Технолог__________ | AF32: Бош ошпаз ___________

Sheet 9
A1: 46308 | F1: ='1'!F1:U1 -> -МТТ | V1: Т А С Д И Қ Л А Й М А Н
F2: Т А О М Н О М А | V2: __________Р.Ярманов
A3: Тарбияланувчилар сони | V3: Аутсорсер "Muxsin Fayz" МЧЖ директори
A5: Овкатнинг номланиши | D5: Бир нафар тарбияланувчи учун овқат ҳажми | F5: Нон | G5: Чой | H5: Мол гушти | I5: Товук гушти | J5: Усимлик ёги | K5: Шакар | L5: Гуруч | M5: Картошка | N5: Сабзи | O5: Пиёз | P5: Туз | Q5: Сариёг | R5: Бодринг | S5: Помидор | T5: Тухум | U5: Катик | V5: Сут | W5: Сут кадок. 3,2% | X5: Пишлок | Y5: Тварог | Z5: Томат пастаси | AA5: Банан | AB5: Олма | AC5: Балгар | AD5: Вермешел | AE5: Горох | AF5: Овсянка | AG5: Гречка | AH5: Перловка | AI5: Саримсок | AJ5: Сметана | AK5: Павидло | AL5: Асал | AM5: Пшеничная крупа | AN5: Пшено | AO5: Мош | AP5: Нохат | AQ5: Майиз | AR5: Балик | AS5: Дрож | AT5: Зелень | AU5: Какао | AV5: Карам | AW5: Манка | AX5: Сухари | AY5: Уксус | AZ5: УН | BA5: Лимон | BB5: Фасол кизил ловлвги | BC5: Фасол ок ловлвги | BD5: Туруп | BE5: Кизилча | BF5: Курук мева урик | BG5: Куйилтирилган сут | BH5: Картошка крахмали | BI5: Лапша | BJ5: Макарон | BK5: Ячневая крупа | BL5: Наматак | BM5: Муроббо | BN5: Олхури | BO5: Разихител | BP5: Канд упаси | BQ5: Ванилин | BR5: Зираворлар | BS5: Ошковаок | BT5: Курутилган олма | BU5: Ёнгок | BV5: Курутилган нок | BW5: Ковокча | BX5: Кронсерваланган яшил нохот | BY5: Бехи | BZ5: Товук феле | CA5: Консерваланган бодиринг | CB5: Редиска | CC5: Курутилган баргак | CD5: Нок | CE5: Шпинат | CF5: Қизил пиёз | CL5: Жами
A6: Нонушта | B6: Сули ёрмасидан бўтқа | D6: 150 | K6: 3.3 | P6: 0.75 | Q6: 1.8 | W6: 83 | AF6: 16.6 | CL6: =SUM(F6:CK6) -> 105.45
B7: Сутли какао | D7: 150 | K7: 7 | W7: 75 | AU7: 2 | CL7: =SUM(F7:CK7) -> 84
B8: Сариёғли бутерброд | D8: 50 | F8: 40 | Q8: 10 | CL8: =SUM(F8:CK8) -> 50
CL9: =SUM(F9:CK9) -> 0
A10: Тушлик | B10: Мол гўштида уграли шўрва | D10: 150/12 | H10: 23.1 | M10: 18.8 | N10: 10 | O10: 9.5 | P10: 0.9 | T10: 10 | AZ10: 13.5 | CL10: =SUM(F10:CK10) -> 85.8
B11: Балиқ гўштидан биточки | D11: 50 | F11: 9 | J11: 3 | P11: 1 | W11: 13 | AR11: 42 | CL11: =SUM(F11:CK11) -> 68
B12: Картошка пюреси | D12: 130 | M12: 185 | P12: 1 | Q12: 4.3 | W12: 19.9 | CL12: =SUM(F12:CK12) -> 210.2
B13: «Витамин» салати | D13: 45 | J13: 1 | K13: 0.5 | N13: 8.8 | R13: 15.3 | S13: 14.1 | AB13: 17 | BA13: 1.7 | CL13: =SUM(F13:CK13) -> 58.4
B14: Мавсумий мевалардан компот | D14: 150 | K14: 8 | AB14: 42.9 | CL14: =SUM(F14:CK14) -> 50.9
B15: Буғдой нони | D15: 60 | F15: 60 | CL15: =SUM(F15:CK15) -> 60
CL16: =SUM(F16:CK16) -> 0
CL17: =SUM(F17:CK17) -> 0
CL18: =SUM(F18:CK18) -> 0
A19: Иккинчи тушлик | B19: Қўлбола-хонаки сомса (домашнаяя самса) | C19: Хамир учун | D19: 65 | P19: 0.4 | T19: 2.4 | AZ19: 22.4 | CL19: =SUM(F19:CK19) -> 25.2
C20: Қийма учун | H20: 16.3 | J20: 1 | M20: 16.3 | O20: 16.7 | P20: 0.4 | Q20: 1 | CL20: =SUM(F20:CK20) -> 51.7
C21: Суртиш учун | T21: 1.2 | W21: 1 | CL21: =SUM(F21:CK21) -> 2.2
B22: Мавсумий мева | D22: 150 | AB22: 185 | CL22: =SUM(F22:CK22) -> 185
B23: Чой | D23: 150 | G23: 0.2 | CL23: =SUM(F23:CK23) -> 0.2
CL24: =SUM(F24:CK24) -> 0
CL25: =SUM(F25:CK25) -> 0
CL26: =SUM(F26:CK26) -> 0
CL27: =SUM(F27:CK27) -> 0
A28: 1 та бола учун кунлик жами | F28: =SUM(F6:F23) -> 109 | G28: =SUM(G6:G23) -> 0.2 | H28: =SUM(H6:H23) -> 39.4 | I28: =SUM(I6:I23) -> 0 | J28: =SUM(J6:J23) -> 5 | K28: =SUM(K6:K23) -> 18.8 | L28: =SUM(L6:L23) -> 0 | M28: =SUM(M6:M23) -> 220.1 | ... CK28: =SUM(CK6:CK23) -> 0
A30: жами махсулот сарфи | F30: =+F28*$A$4/1000 -> 0 | G30: =+G28*$A$4/1000 -> 0 | H30: =+H28*$A$4/1000 -> 0 | I30: =+I28*$A$4/1000 -> 0 | J30: =+J28*$A$4/1000 -> 0 | K30: =+K28*$A$4/1000 -> 0 | L30: =+L28*$A$4/1000 -> 0 | M30: =+M28*$A$4/1000 -> 0 | ... S30: =+S28*$A$4/1000 -> 0 | T30: =+T28*$A$4/55 -> 0 | U30: =+U28*$A$4/1000 -> 0 | V30: =+V28*$A$4/1000 -> 0 | W30: =+W28*$A$4/1000 -> 0 | X30: =+X28*$A$4/1000 -> 0 | Y30: =+Y28*$A$4/1000 -> 0 | Z30: =+Z28*$A$4/1000 -> 0 | AA30: =+AA28*$A$4/1000 -> 0 | AB30: =+AB28*$A$4/1000 -> 0 | ... CK30: =+CK28*$A$4/1000 -> 0
F32: Технолог__________ | AF32: Бош ошпаз ___________

Sheet 10
A1: 46309 | F1: ='1'!F1:U1 -> -МТТ | V1: Т А С Д И Қ Л А Й М А Н
F2: Т А О М Н О М А | V2: __________Р.Ярманов
A3: Тарбияланувчилар сони | V3: Аутсорсер "Muxsin Fayz" МЧЖ директори
A5: Овкатнинг номланиши | D5: Бир нафар тарбияланувчи учун овқат ҳажми | F5: Нон | G5: Чой | H5: Мол гушти | I5: Товук гушти | J5: Усимлик ёги | K5: Шакар | L5: Гуруч | M5: Картошка | N5: Сабзи | O5: Пиёз | P5: Туз | Q5: Сариёг | R5: Бодринг | S5: Помидор | T5: Тухум | U5: Катик | V5: Сут | W5: Сут кадок. 3,2% | X5: Пишлок | Y5: Тварог | Z5: Томат пастаси | AA5: Банан | AB5: Олма | AC5: Балгар | AD5: Вермешел | AE5: Горох | AF5: Овсянка | AG5: Гречка | AH5: Перловка | AI5: Саримсок | AJ5: Сметана | AK5: Павидло | AL5: Асал | AM5: Пшеничная крупа | AN5: Пшено | AO5: Мош | AP5: Нохат | AQ5: Майиз | AR5: Балик | AS5: Дрож | AT5: Зелень | AU5: Какао | AV5: Карам | AW5: Манка | AX5: Сухари | AY5: Уксус | AZ5: УН | BA5: Лимон | BB5: Фасол кизил ловлвги | BC5: Фасол ок ловлвги | BD5: Туруп | BE5: Кизилча | BF5: Курук мева урик | BG5: Куйилтирилган сут | BH5: Картошка крахмали | BI5: Лапша | BJ5: Макарон | BK5: Ячневая крупа | BL5: Наматак | BM5: Муроббо | BN5: Олхури | BO5: Разихител | BP5: Канд упаси | BQ5: Ванилин | BR5: Зираворлар | BS5: Ошковаок | BT5: Курутилган олма | BU5: Ёнгок | BV5: Курутилган нок | BW5: Ковокча | BX5: Кронсерваланган яшил нохот | BY5: Бехи | BZ5: Товук феле | CA5: Консерваланган бодиринг | CB5: Редиска | CC5: Курутилган баргак | CD5: Нок | CE5: Шпинат | CF5: Қизил пиёз | CL5: Жами
A6: Нонушта | B6: Гречка ёрмасидан бўтқа | D6: 180 | K6: 3.6 | P6: 1.08 | Q6: 2.4 | W6: 72 | AG6: 27 | CL6: =SUM(F6:CK6) -> 106.08
B7: Сутли чой | D7: 150 | G7: 0.2 | K7: 6 | W7: 100 | CL7: =SUM(F7:CK7) -> 106.2
B8: Пишлоқли бутерброд | D8: 55 | F8: 30 | Q8: 10 | X8: 16 | CL8: =SUM(F8:CK8) -> 56
CL9: =SUM(F9:CK9) -> 0
A10: Тушлик | B10: Горох шўрва | D10: 150/10 | H10: 23.1 | M10: 25 | N10: 7.5 | O10: 7.1 | P10: 0.5 | Q10: 3 | AE10: 12.2 | CL10: =SUM(F10:CK10) -> 78.4
B11: Мол гўштидан гуляш | D11: 50 | H11: 50.9 | N11: 7.8 | O11: 6.8 | P11: 0.6 | Q11: 2.5 | Z11: 0.7 | AZ11: 1 | CL11: =SUM(F11:CK11) -> 70.3
B12: Димланган сабзавотлар | D12: 100 | M12: 41.3 | P12: 0.8 | Q12: 2 | BE12: 41.3 | BS12: 42.3 | CL12: =SUM(F12:CK12) -> 127.7
B13: Шакароб салати | D13: 45 | J13: 1 | P13: 0.3 | R13: 28.1 | S13: 25.9 | CL13: =SUM(F13:CK13) -> 55.3
B14: Қуруқ мевалардан компот | D14: 150 | K14: 8 | AQ14: 3.8 | BT14: 3.8 | BV14: 3.8 | CC14: 3.8 | CL14: =SUM(F14:CK14) -> 23.2
B15: Бугдой нони | D15: 60 | F15: 60 | CL15: =SUM(F15:CK15) -> 60
CL16: =SUM(F16:CK16) -> 0
CL17: =SUM(F17:CK17) -> 0
A18: Иккинчи тушлик | B18: Ёнғок ва майизли рогалик | D18: 70 | K18: 0.8 | P18: 0.6 | Q18: 15 | T18: 4.3 | AQ18: 7 | AZ18: 30.6 | BU18: 7 | CL18: =SUM(F18:CK18) -> 65.3
B19: Кефир | D19: 150 | U19: 150 | CL19: =SUM(F19:CK19) -> 150
CL20: =SUM(F20:CK20) -> 0
CL21: =SUM(F21:CK21) -> 0
CL22: =SUM(F22:CK22) -> 0
CL23: =SUM(F23:CK23) -> 0
CL24: =SUM(F24:CK24) -> 0
CL25: =SUM(F25:CK25) -> 0
CL26: =SUM(F26:CK26) -> 0
A27: 1 та бола учун кунлик жами | F27: =SUM(F6:F22) -> 90 | G27: =SUM(G6:G22) -> 0.2 | H27: =SUM(H6:H22) -> 74 | I27: =SUM(I6:I22) -> 0 | J27: =SUM(J6:J22) -> 1 | K27: =SUM(K6:K22) -> 18.4 | L27: =SUM(L6:L22) -> 0 | M27: =SUM(M6:M22) -> 66.3 | ... CK27: =SUM(CK6:CK22) -> 0
A30: жами махсулот сарфи | F30: =+F27*$A$4/1000 -> 0 | G30: =+G27*$A$4/1000 -> 0 | H30: =+H27*$A$4/1000 -> 0 | I30: =+I27*$A$4/1000 -> 0 | J30: =+J27*$A$4/1000 -> 0 | K30: =+K27*$A$4/1000 -> 0 | L30: =+L27*$A$4/1000 -> 0 | M30: =+M27*$A$4/1000 -> 0 | ... S30: =+S27*$A$4/1000 -> 0 | T30: =+T27*$A$4/55 -> 0 | U30: =+U27*$A$4/1000 -> 0 | V30: =+V27*$A$4/1000 -> 0 | W30: =+W27*$A$4/1000 -> 0 | X30: =+X27*$A$4/1000 -> 0 | Y30: =+Y27*$A$4/1000 -> 0 | Z30: =+Z27*$A$4/1000 -> 0 | AA30: =+AA27*$A$4/1000 -> 0 | AB30: =+AB27*$A$4/1000 -> 0 | ... CK30: =+CK27*$A$4/1000 -> 0
F32: Технолог__________ | AG32: Бош ошпаз ___________
